id,first_name,last_name,gender,state
1,Angelo,Bilson,Male,Florida
2,Eugen,Hearnaman,Male,North Carolina
3,Allard,Foro,Male,Texas
4,Averill,Exton,Male,New York
5,Antoni,Greated,Male,Texas
6,Lemuel,Birds,Male,Texas
7,Aggy,Harring,Female,Minnesota
8,Eli,Pierrepoint,Male,California
9,Milena,Wollers,Female,Missouri
10,Giacinta,Tabart,Female,North Carolina
11,Urbanus,MacFarland,Male,Missouri
12,Artemis,Westgate,Male,Indiana
13,Felicio,Harborow,Male,California
14,Kipp,Attenbrow,Male,District of Columbia
15,Esra,Pentycross,Male,Texas
16,Ranice,Greenhouse,Female,Washington
17,Stu,Stiling,Male,Colorado
18,Paige,Landrean,Female,California
19,Lowell,Wyness,Male,West Virginia
20,Fidelity,Longmore,Female,Georgia
21,Arni,Suero,Male,Oklahoma
22,Mamie,Gage,Female,New York
23,Daniel,Adamiak,Male,Texas
24,Foster,Chaperlin,Male,New York
25,Irv,McLachlan,Male,Maryland
26,Hersch,Kiernan,Male,Virginia
27,Prudi,Walrond,Female,Minnesota
28,Jacquenetta,Karpenya,Female,Florida
29,Herminia,Wakely,Female,California
30,Abba,Balnave,Male,Arizona
31,Eleen,Mardy,Female,Washington
32,Robbert,Cavalier,Male,Florida
33,Giffie,Vaggers,Male,Kentucky
34,Alard,Cortese,Male,California
35,Sukey,Krolle,Female,Minnesota
36,Geordie,Marmyon,Male,Washington
37,Mona,Rumsby,Female,Texas
38,Son,Labden,Male,Michigan
39,Marline,Nuzzetti,Female,Nevada
40,Afton,Dailey,Female,Louisiana
41,Nevile,Gilbeart,Male,Texas
42,Dale,Raison,Male,District of Columbia
43,Katrine,Dorrell,Female,Texas
44,Brandon,Nelsen,Male,Missouri
45,Vina,Thon,Female,Kansas
46,Rosene,Lindenman,Female,Ohio
47,Cello,Galia,Male,Idaho
48,Reuben,Schlag,Male,Pennsylvania
49,Shayne,Lowrey,Female,Florida
50,Rodrick,Batistelli,Male,Wisconsin
51,Perle,Potkins,Female,Delaware
52,Huntley,Son,Male,Minnesota
53,Monte,Munt,Male,California
54,Elva,Barme,Female,California
55,Brion,Longland,Male,Idaho
56,Ervin,Grunwall,Male,Oregon
57,Katina,Clague,Female,Florida
58,Murry,Aish,Male,Oregon
59,Ashien,Fonte,Female,New York
60,Jobina,Spargo,Female,Connecticut
61,Austine,Buttfield,Female,California
62,Adolphe,MacVay,Male,Illinois
63,Stanislaw,Farrah,Male,Georgia
64,Humberto,Dorrity,Male,Indiana
65,Renard,Ovenden,Male,North Carolina
66,Freddy,Wing,Male,New York
67,Malina,Burbage,Female,Ohio
68,Gaby,Josilevich,Female,Florida
69,Berni,Pratley,Female,Texas
70,Krystle,Freund,Female,Kansas
71,Ursala,Espadater,Female,Pennsylvania
72,Casey,Marrill,Male,California
73,Trueman,Gilkes,Male,Florida
74,Drucy,Duckerin,Female,North Carolina
75,Rodie,MacFadzan,Female,Pennsylvania
76,Aldric,Kimbrey,Male,Colorado
77,Malissa,Spickett,Female,North Dakota
78,Bryana,Darrington,Female,Michigan
79,Dannie,Kinner,Male,Kentucky
80,Prudence,Corona,Female,Iowa
81,Catharina,Worsnip,Female,New York
82,Hannie,Richardin,Female,New Mexico
83,Una,Rushton,Female,Pennsylvania
84,Abie,Goves,Male,Missouri
85,Margi,Frankiewicz,Female,California
86,Ally,Fee,Female,Ohio
87,Stu,Orrett,Male,Texas
88,Salvatore,Spofforth,Male,Massachusetts
89,Fairlie,Vescovini,Male,Missouri
90,Jard,Eady,Male,District of Columbia
91,Abrahan,MacAlinden,Male,Georgia
92,Kamillah,MacCorkell,Female,New York
93,Marguerite,Wrigley,Female,Michigan
94,Catherina,Alpin,Female,Arizona
95,Lavina,McCurley,Female,Virginia
96,Correy,Stiger,Female,Texas
97,Seymour,Messent,Male,Michigan
98,Emilie,Iacoviello,Female,Utah
99,Faber,Slayton,Male,New York
100,Napoleon,Maffulli,Male,Louisiana
101,Rolfe,Greenroyd,Male,California
102,Kristoffer,Rockliffe,Male,Florida
103,Falito,Daintry,Male,Virginia
104,Greg,Poyntz,Male,New York
105,Zarla,Biasioli,Female,California
106,Thatch,De Atta,Male,Pennsylvania
107,Abe,McDunlevy,Male,Texas
108,Bettye,Braffington,Female,California
109,Michaelina,Bahike,Female,California
110,Devonna,Ganiclef,Female,Washington
111,Jeffy,Corteney,Male,Iowa
112,Jeffy,Cornner,Male,Virginia
113,Creighton,Magister,Male,California
114,Juliana,Bremmer,Female,Missouri
115,Minni,Hanwell,Female,Florida
116,Julia,Clunan,Female,California
117,Garald,Prandi,Male,California
118,Salvatore,Adamski,Male,Texas
119,Floria,Palffrey,Female,Texas
120,Trisha,Goney,Female,Georgia
121,Aliza,Brennon,Female,Pennsylvania
122,Kristopher,Bowcock,Male,Colorado
123,Hurleigh,Shelp,Male,Texas
124,Rycca,Priestland,Female,West Virginia
125,Eve,Deer,Female,Arizona
126,Nicolette,Gansbuhler,Female,Georgia
127,Flory,Tures,Male,Florida
128,Thaine,Whitters,Male,Maryland
129,Fredek,Lies,Male,Texas
130,Toby,Ferrarin,Female,Florida
131,David,Tatford,Male,New York
132,Milty,Grummitt,Male,California
133,Farrell,Keary,Male,Connecticut
134,Wilhelmina,Thaw,Female,Michigan
135,Lionello,MacTague,Male,Ohio
136,Rosalynd,Wakelin,Female,Indiana
137,Ric,Dauber,Male,Colorado
138,Farr,Shakesbye,Male,Missouri
139,Abdel,Lowles,Male,Texas
140,Abram,Jerrom,Male,District of Columbia
141,Phineas,Tutchener,Male,California
142,Gideon,Eshmade,Male,Texas
143,Cristi,Helsdon,Female,Oregon
144,Edsel,Antonoyev,Male,Texas
145,Tris,Santori,Male,Kansas
146,Isobel,Lankham,Female,California
147,Skye,Hessentaler,Male,California
148,Quinn,O'Cooney,Male,Texas
149,Yuma,Sahnow,Male,Colorado
150,Dell,Albone,Female,Kansas
151,Orran,De Carteret,Male,New York
152,Jeannette,Joincey,Female,Texas
153,Bianka,Lawn,Female,Texas
154,Neilla,Groucutt,Female,Wyoming
155,Tulley,Merveille,Male,North Carolina
156,Arri,Jiggen,Male,Pennsylvania
157,Cathee,Goodbarne,Female,Kansas
158,Ethelda,Bibby,Female,Minnesota
159,Hershel,Iskowitz,Male,Texas
160,Delbert,Gravatt,Male,Ohio
161,Rafe,Scutts,Male,California
162,Emili,Dubock,Female,Florida
163,Dallas,O'Dee,Male,California
164,Nerti,Liversage,Female,Ohio
165,Nelie,Clilverd,Female,Texas
166,Velma,Bagshawe,Female,Washington
167,Edee,Yitshak,Female,Kentucky
168,Elga,Fallis,Female,Kentucky
169,Vilma,Halsall,Female,New York
170,Bradan,Nardoni,Male,Connecticut
171,Cordie,Bearne,Male,Virginia
172,Franchot,Knutton,Male,California
173,Luther,Warmisham,Male,Pennsylvania
174,Teodorico,Scamel,Male,South Carolina
175,Vince,Crossman,Male,Florida
176,Zebadiah,Lifsey,Male,Washington
177,Enrika,Gilardengo,Female,Indiana
178,Guillema,Tomblin,Female,Ohio
179,Malissia,Grain,Female,Tennessee
180,Phillipp,Spurritt,Male,Kansas
181,Dalia,Bucktharp,Female,Nevada
182,Amelie,Britney,Female,Louisiana
183,De witt,Mellenby,Male,Michigan
184,Murry,Foyster,Male,Texas
185,Neall,Agronski,Male,Nevada
186,Jeniece,Castleton,Female,North Carolina
187,Ingeborg,Renshell,Female,Texas
188,Marsiella,Le Sieur,Female,New Jersey
189,Raphael,Nisard,Male,Louisiana
190,Rustie,Dorian,Male,Nevada
191,Maegan,Croad,Female,District of Columbia
192,Tilda,Sakins,Female,New York
193,Alvin,Gouldstone,Male,Tennessee
194,Kristen,Jarmaine,Female,North Carolina
195,Sarge,Eckly,Male,New York
196,Field,Marcus,Male,California
197,Susan,Arstall,Female,Oregon
198,Adriaens,Crombie,Female,Texas
199,Mata,Blazi,Male,Georgia
200,Marybelle,De Meis,Female,Washington
201,Lauryn,Sherrell,Female,Tennessee
202,Feliza,Russilll,Female,Alabama
203,Merci,Harbison,Female,South Carolina
204,Alaine,Basile,Female,Louisiana
205,Brina,Aikin,Female,Florida
206,Damien,Conkie,Male,California
207,Albertine,Lauderdale,Female,Montana
208,Erina,Parmer,Female,Texas
209,Estella,Sansom,Female,Texas
210,Clive,Founds,Male,North Carolina
211,Huey,Dodding,Male,Michigan
212,Lizzie,Element,Female,California
213,Jacquelin,Edmundson,Female,Ohio
214,Honoria,Lillyman,Female,Tennessee
215,Mada,Szanto,Female,Alabama
216,Leanor,Yanshin,Female,Texas
217,Trescha,Masic,Female,Georgia
218,Bail,Wetheril,Male,California
219,Mathian,Gunstone,Male,Minnesota
220,Mufi,Alison,Female,Oklahoma
221,Dara,Starton,Female,Connecticut
222,Belicia,Avramovic,Female,Idaho
223,Arvie,Greasley,Male,Ohio
224,Timi,Fruchter,Female,Florida
225,Cirilo,Meldon,Male,Montana
226,Cortie,Morgan,Male,Kentucky
227,Albina,Pedler,Female,New York
228,Thaxter,Haycock,Male,Missouri
229,Tadd,Wescott,Male,Pennsylvania
230,Emmalynne,Grocock,Female,Florida
231,Evan,Cary,Male,Kentucky
232,Susann,Spandley,Female,Alaska
233,Norry,Cannaway,Male,Virginia
234,Eleen,Witherington,Female,Virginia
235,Valentijn,Joslow,Male,Florida
236,Bailie,Thomassen,Male,Texas
237,Calypso,Akehurst,Female,California
238,Deina,Honnan,Female,Florida
239,Niven,Rodgier,Male,Missouri
240,Lazar,Kliche,Male,New Hampshire
241,Sue,Matisse,Female,Connecticut
242,Barny,Spurriar,Male,Nebraska
243,Merry,Sesons,Male,Iowa
244,Genia,Caron,Female,Arizona
245,Antonetta,Ducham,Female,Florida
246,Helli,Brealey,Female,Florida
247,Sacha,Tyne,Female,Florida
248,Kyrstin,Swainger,Female,West Virginia
249,Stevie,Marskell,Male,South Carolina
250,Grantham,Harwood,Male,Oregon
251,Emmeline,Geraldo,Female,Pennsylvania
252,Averil,Benedicte,Male,Pennsylvania
253,Edythe,Kenewell,Female,Massachusetts
254,Gustaf,McCloud,Male,Massachusetts
255,Tildi,Crenage,Female,Pennsylvania
256,Vitoria,Potkin,Female,Florida
257,Bryce,Livock,Male,California
258,Odelle,Skellington,Female,Minnesota
259,Giordano,Methuen,Male,Kentucky
260,Franklin,Gummory,Male,Washington
261,Johan,Muzzillo,Male,South Dakota
262,Winonah,Kensall,Female,Missouri
263,Garrik,Peirpoint,Male,Montana
264,Ruy,Coppock.,Male,Pennsylvania
265,Dacie,MacGuffie,Female,New York
266,Gherardo,Hallybone,Male,Texas
267,Oates,Thorneley,Male,Utah
268,Bella,Brinicombe,Female,New York
269,Sterling,Cavnor,Male,District of Columbia
270,Marijo,Havvock,Female,Florida
271,Emmie,Goane,Female,Arizona
272,Oswell,Borgars,Male,South Dakota
273,Richart,Abarough,Male,Connecticut
274,Reagen,Pauleit,Male,Georgia
275,Cyndi,Dary,Female,Florida
276,Abel,Stiell,Male,California
277,Hadlee,Pinchin,Male,California
278,Barty,Penreth,Male,Hawaii
279,Ericka,Haskayne,Female,Texas
280,Berny,Liddy,Male,North Carolina
281,Claudia,Gabbott,Female,Kansas
282,Mildrid,Petersen,Female,Georgia
283,Meaghan,Leddie,Female,Illinois
284,Wit,Hegdonne,Male,California
285,Andras,Charkham,Male,Missouri
286,Hannis,Eyres,Female,Florida
287,Astrix,Penvarne,Female,Louisiana
288,Kylie,Mangan,Male,Texas
289,Suzette,Baildon,Female,Florida
290,Lianna,Glamart,Female,Texas
291,Brook,Keywood,Female,Georgia
292,Penrod,Silversmidt,Male,California
293,Maxi,Breeton,Female,New Jersey
294,Fanya,Clee,Female,New Jersey
295,Rhys,Stainsby,Male,North Carolina
296,Normand,Ewenson,Male,Hawaii
297,Lockwood,McLurg,Male,Hawaii
298,Toby,Boldecke,Male,Ohio
299,Herman,Gligorijevic,Male,Maryland
300,Dame,Wigan,Male,California
301,Lennard,McClements,Male,California
302,Van,Helix,Male,Florida
303,Brett,Middlehurst,Female,Indiana
304,Kiele,Highnam,Female,Texas
305,Kristina,Rich,Female,Virginia
306,Charla,D'Ambrosi,Female,Arizona
307,Derby,Coleson,Male,Texas
308,La verne,Wolfenden,Female,Maryland
309,Robbyn,Seel,Female,Indiana
310,Ginelle,Bauduin,Female,California
311,Anabel,Philbrick,Female,Tennessee
312,Josiah,Barrass,Male,Texas
313,Althea,Symmons,Female,Washington
314,Leroi,Saunt,Male,Texas
315,Noble,Gissing,Male,West Virginia
316,Clevey,Leborgne,Male,California
317,Cassie,De Gouy,Male,Alabama
318,Janina,Banger,Female,Massachusetts
319,Edward,Giraudy,Male,New York
320,Maurene,Frean,Female,Michigan
321,Dorian,Bailey,Male,Pennsylvania
322,Trixy,Vakhlov,Female,Florida
323,Orel,Sennett,Female,Kentucky
324,Gladys,Kerton,Female,Florida
325,Jimmie,Merring,Male,Nebraska
326,Wenonah,Bevens,Female,Florida
327,Issi,McGlaughn,Female,California
328,Lana,Eagers,Female,Tennessee
329,Eleanore,Tarry,Female,Nebraska
330,Gustavus,McLeary,Male,Arizona
331,Jerry,Wagstaffe,Male,Texas
332,Rooney,Boni,Male,Iowa
333,Britte,Folshom,Female,Minnesota
334,Maritsa,Ramplee,Female,Florida
335,Murray,Booton,Male,Texas
336,Olin,Vardy,Male,Virginia
337,Josi,Duly,Female,Texas
338,Baudoin,Scargill,Male,Nevada
339,Neila,Kirkness,Female,Minnesota
340,Franz,Boardman,Male,Virginia
341,Andy,Atack,Female,California
342,Cordi,Grice,Female,New York
343,Alaine,Hrishanok,Female,West Virginia
344,Lorenzo,Kepe,Male,Maine
345,Yance,Driffe,Male,New York
346,Bartlett,Hyndley,Male,California
347,Tallou,McCombe,Female,Colorado
348,Jordon,Huyton,Male,District of Columbia
349,Chip,Matzke,Male,Florida
350,Janessa,Calbert,Female,California
351,Ferris,Senior,Male,California
352,Arden,Foucher,Female,Texas
353,Caitlin,Pheasant,Female,District of Columbia
354,Niki,Letchmore,Male,Illinois
355,Allen,Durante,Male,Iowa
356,Derril,Youhill,Male,North Carolina
357,Trueman,Coddrington,Male,Texas
358,Gusty,Walles,Female,California
359,Brewer,MacNeish,Male,New York
360,Zsazsa,Cammoile,Female,Minnesota
361,Nada,Gatcliff,Female,New Mexico
362,Lela,Spain,Female,Wyoming
363,Simone,Baddiley,Male,New York
364,Dunstan,Turpin,Male,Virginia
365,Kaleb,Shackel,Male,Texas
366,Bernelle,Papis,Female,Virginia
367,Ruthanne,Lowdwell,Female,California
368,Cloe,Quirke,Female,Minnesota
369,Hermie,Seekings,Male,New York
370,Maddi,MacKill,Female,New York
371,Olympe,Sanbrook,Female,Connecticut
372,Olia,Greenough,Female,New York
373,Adrienne,Gloves,Female,District of Columbia
374,Lonnard,Ricket,Male,Virginia
375,Janka,Stoneman,Female,New York
376,Nero,Burgill,Male,New York
377,Holmes,Peffer,Male,Missouri
378,Barb,Wilson,Female,Maryland
379,Terence,Davley,Male,Massachusetts
380,Aland,Cowitz,Male,North Carolina
381,Wat,Milsap,Male,Pennsylvania
382,Dwain,Scamadin,Male,Texas
383,Madelle,Senecaux,Female,West Virginia
384,Marianna,De La Coste,Female,Ohio
385,Ashia,Sothern,Female,Alabama
386,Tristam,Rapier,Male,Delaware
387,Cullie,Lowell,Male,California
388,Lynna,Jeskin,Female,Louisiana
389,Taddeusz,Moreno,Male,Virginia
390,Tyler,Olley,Male,Florida
391,Madelena,Verrills,Female,District of Columbia
392,Ottilie,Rountree,Female,Virginia
393,Emelyne,Folkard,Female,Colorado
394,Val,Lerer,Male,Utah
395,Eberhard,Brumby,Male,North Carolina
396,Jocelin,Czajka,Female,Florida
397,Filbert,Blurton,Male,North Carolina
398,Muire,Lettley,Female,Virginia
399,Luz,Rubenovic,Female,Alabama
400,Cassaundra,Gellett,Female,Alabama
401,Berrie,Woolston,Female,New York
402,Neely,Ellams,Female,North Carolina
403,Consalve,Feavearyear,Male,New York
404,Nealon,Finessy,Male,New York
405,Phaedra,Roderick,Female,Washington
406,Garner,Charette,Male,New Jersey
407,Chanda,Tranmer,Female,California
408,Daryle,Pietrasik,Male,Texas
409,Christine,McGinny,Female,Arizona
410,Melosa,Dyer,Female,Louisiana
411,Palm,Hincham,Male,Illinois
412,Bryce,Weinberg,Male,Texas
413,Ginnifer,Blomefield,Female,Texas
414,Zechariah,Tichelaar,Male,Texas
415,Anya,Wilcox,Female,Washington
416,Cass,Soot,Male,Idaho
417,Gene,Pescod,Female,Missouri
418,Quent,Goldson,Male,Indiana
419,Halli,Sothern,Female,New Mexico
420,Jania,Grantham,Female,California
421,Carmelita,Yorath,Female,Texas
422,Udale,Grubb,Male,Louisiana
423,Terrence,Timny,Male,Massachusetts
424,Dalli,Leemans,Male,Louisiana
425,Maurita,Meus,Female,Florida
426,Gillian,Carncross,Female,Illinois
427,Francisca,Gummow,Female,Florida
428,Markus,Barstowk,Male,California
429,Nate,Leinthall,Male,Nevada
430,Gus,Jellett,Female,California
431,Janessa,Haney,Female,New York
432,Erroll,Nother,Male,California
433,Gaby,Paslow,Male,Ohio
434,Janith,Hamshaw,Female,California
435,Spense,Reckless,Male,Texas
436,Rafferty,Addyman,Male,Florida
437,Brnaby,Turtle,Male,Indiana
438,Guglielma,Jeannequin,Female,Florida
439,Reynolds,Hrycek,Male,Alabama
440,Korry,Lemary,Female,California
441,Skipper,Becker,Male,Minnesota
442,Alwyn,Fatscher,Male,New Mexico
443,Yevette,Melding,Female,Alabama
444,Emlynn,Dowtry,Female,Nevada
445,Benny,Cardnell,Male,Texas
446,Kylila,Hannant,Female,Arizona
447,Darrel,Largan,Male,Arizona
448,Herby,Hatherell,Male,Texas
449,Paton,Jerrard,Male,Florida
450,Aldo,Nealand,Male,California
451,Stanford,Ledbury,Male,Florida
452,Shel,Grebert,Female,Pennsylvania
453,Sandy,Vittel,Female,Florida
454,Bambi,Huyghe,Female,New York
455,Karlyn,Yakutin,Female,Alabama
456,Boy,Flade,Male,Texas
457,Lamar,Megarrell,Male,Alabama
458,Wanids,Heaney,Female,Missouri
459,Reg,Dominick,Male,Texas
460,Binky,Searchfield,Male,Colorado
461,Dulciana,Gilpillan,Female,Texas
462,Thea,Westlake,Female,Alabama
463,Chaunce,Bradbury,Male,Texas
464,Norma,Mingey,Female,Illinois
465,Rollins,Babinski,Male,North Carolina
466,Bradan,Borthwick,Male,Ohio
467,Moishe,Eidelman,Male,Colorado
468,Lian,Killerby,Female,Utah
469,Marla,Stonehewer,Female,Texas
470,Emelia,Burd,Female,Mississippi
471,Janeta,Bragginton,Female,California
472,Brittaney,Dallimore,Female,Florida
473,Doug,Haseley,Male,Hawaii
474,Willis,Safell,Male,Delaware
475,Boycie,Thurlbeck,Male,Delaware
476,Alix,Dumbar,Female,Utah
477,Kayne,Acutt,Male,Kentucky
478,Artemis,Tatterton,Male,Florida
479,Heriberto,McKennan,Male,Nevada
480,Inness,Aylward,Male,Michigan
481,Alvera,Flye,Female,Massachusetts
482,Angelique,Murby,Female,Illinois
483,Neddie,Norman,Male,Ohio
484,Reiko,Prinett,Female,Mississippi
485,Steffi,Linbohm,Female,Arizona
486,Giffer,Gilardengo,Male,Florida
487,Nev,Jerrams,Male,Georgia
488,Caye,Tassaker,Female,Indiana
489,Mariel,Wellsman,Female,Ohio
490,Sascha,McNern,Female,Tennessee
491,Aundrea,Hampshaw,Female,Colorado
492,Fancie,Schurcke,Female,Indiana
493,Vittorio,Paal,Male,California
494,Catherine,Belfelt,Female,New Mexico
495,Ravi,Merrikin,Male,California
496,Franky,Dutch,Female,Arizona
497,Heather,Adelberg,Female,Washington
498,Valene,Beausang,Female,Michigan
499,Brad,Lilleycrop,Male,New York
500,Keefer,Grute,Male,California
501,Claudie,Viney,Female,Florida
502,Darin,Rapport,Male,Florida
503,Don,Lindsey,Male,Iowa
504,Janos,Alfonsetti,Male,Wisconsin
505,Nita,Ugolotti,Female,North Carolina
506,Charleen,O'Loughane,Female,Arizona
507,Noby,Embling,Male,Virginia
508,Franni,Varrow,Female,California
509,Chad,Mowsdale,Male,Iowa
510,Crin,Symper,Female,California
511,Johan,Crolla,Male,Maine
512,Jerald,Aldersley,Male,District of Columbia
513,Ford,Bishop,Male,Louisiana
514,Edie,Kelleway,Female,Nebraska
515,Bibbie,Humphrey,Female,Virginia
516,Ric,Stevings,Male,Colorado
517,Elwira,Mucillo,Female,New York
518,Franchot,Puddifer,Male,Virginia
519,Barnabas,Posthill,Male,Wisconsin
520,Claudina,Gerlts,Female,Florida
521,Scot,Garnson,Male,Louisiana
522,Barbaraanne,Meas,Female,Pennsylvania
523,Cathie,Borham,Female,Texas
524,Ernst,Whawell,Male,Nevada
525,Rosemaria,Caddick,Female,West Virginia
526,Risa,Bonson,Female,South Carolina
527,Rustie,Tobin,Male,Missouri
528,Martelle,Debow,Female,Connecticut
529,Brigit,Polland,Female,Michigan
530,Josi,Gethins,Female,Texas
531,Sunny,Hewell,Male,Minnesota
532,Yvon,Reoch,Male,California
533,Adena,Stabbins,Female,Texas
534,Claus,Rippen,Male,Virginia
535,Kirsti,Bottrell,Female,Minnesota
536,Faustine,Tuddenham,Female,Indiana
537,Ty,Haccleton,Male,Georgia
538,Kameko,Wisdom,Female,Nevada
539,Ezmeralda,Minci,Female,New York
540,Max,Rapin,Male,Minnesota
541,Lura,Lambotin,Female,Florida
542,Allistir,Hadny,Male,Texas
543,Ursala,Maleck,Female,New Jersey
544,Amil,Coleson,Female,Texas
545,Frederic,McQuillen,Male,Hawaii
546,Odelle,Warburton,Female,North Carolina
547,Kristin,Boncore,Female,Florida
548,Marshal,Twining,Male,California
549,Merrick,Malenoir,Male,Hawaii
550,Raffaello,MacFaell,Male,New Jersey
551,Clemmie,Bengough,Male,Washington
552,Robert,Bozward,Male,West Virginia
553,See,Dibdin,Male,Virginia
554,Kay,Rummery,Female,Texas
555,Christoforo,Woodland,Male,Indiana
556,Cherise,Sammut,Female,Oklahoma
557,Sanford,Biddleston,Male,Georgia
558,Kaleb,Feltham,Male,District of Columbia
559,Siward,Alder,Male,Colorado
560,Griffith,Cicero,Male,Nevada
561,Randolf,Letch,Male,Michigan
562,Jemmy,Rainbird,Female,Connecticut
563,Lilia,Rought,Female,California
564,Athena,Causey,Female,Arizona
565,Terri,McColley,Female,Virginia
566,Lottie,Sant,Female,Alabama
567,Timothy,Halsho,Male,District of Columbia
568,Fidel,Rate,Male,District of Columbia
569,Alfredo,Linggood,Male,Alabama
570,Wilhelm,Crosio,Male,Massachusetts
571,Wendall,Gales,Male,Florida
572,Gwenore,Knoles,Female,Wisconsin
573,Harriet,Colbridge,Female,Texas
574,Adrienne,Sweetland,Female,Michigan
575,Wilton,Launchbury,Male,Pennsylvania
576,Tobey,Hellwing,Female,New Mexico
577,Barbee,Haibel,Female,Maryland
578,Candis,Boleyn,Female,Pennsylvania
579,Dall,Godthaab,Male,New York
580,Brigida,Pinnock,Female,Alabama
581,Tymothy,Brydone,Male,Texas
582,Richie,Delwater,Male,Florida
583,Dodie,Huison,Female,California
584,Marigold,Coveley,Female,New York
585,Ikey,O'Day,Male,New York
586,Jonas,Shoreson,Male,Minnesota
587,Freemon,Westmoreland,Male,Texas
588,Quint,Stife,Male,New York
589,Timotheus,Rawlinson,Male,Minnesota
590,Freddy,Bridges,Male,New York
591,Augustina,Espinheira,Female,Michigan
592,Jock,Barrowcliff,Male,California
593,Keely,Nelane,Female,California
594,Adah,Cianni,Female,Indiana
595,Wakefield,Renoden,Male,District of Columbia
596,Melvin,Paynter,Male,California
597,Cathleen,Scintsbury,Female,Florida
598,Vernice,Shorte,Female,Minnesota
599,Layney,Germon,Female,New York
600,Ewen,Iron,Male,Florida
601,Jyoti,Maunton,Female,Texas
602,Shelley,Filson,Male,Oregon
603,Dorthy,de Grey,Female,Michigan
604,Dimitry,Cunah,Male,Kentucky
605,Yale,Cato,Male,Pennsylvania
606,Heloise,Benninck,Female,Texas
607,Binky,Youson,Male,Nevada
608,Milly,Belhome,Female,Washington
609,Abran,Rispin,Male,Washington
610,Joe,Aspden,Male,District of Columbia
611,Rudyard,Franceschi,Male,District of Columbia
612,Matty,Lermouth,Female,New York
613,Bud,Lazonby,Male,Pennsylvania
614,Marcia,Giannasi,Female,North Carolina
615,Lowell,Longlands,Male,Washington
616,Nara,Della Scala,Female,Texas
617,Gillian,Vlahos,Female,New Jersey
618,Kristoffer,Guisby,Male,New York
619,Hayyim,O'Deegan,Male,Texas
620,Thayne,Tubb,Male,New York
621,Waylen,Martschik,Male,Colorado
622,Kristien,Petow,Female,Indiana
623,Victor,Letford,Male,Texas
624,Drusi,Preshaw,Female,Missouri
625,Izak,Tschirschky,Male,Florida
626,Ambrosius,Cristofol,Male,Illinois
627,Brande,Lunbech,Female,Michigan
628,Pepita,Keeting,Female,Florida
629,Rosabel,Stoyell,Female,Pennsylvania
630,Hyacintha,Ible,Female,Colorado
631,Audrey,Zammitt,Female,Oregon
632,Bevin,Galland,Male,Virginia
633,Jilly,Iacovucci,Female,Florida
634,Bevon,Tigwell,Male,Washington
635,Alexio,Littlechild,Male,Hawaii
636,Lindon,Fergyson,Male,Washington
637,Ham,Scarff,Male,Arizona
638,Shelbi,Rossiter,Female,Kansas
639,Haley,Prestedge,Female,North Carolina
640,Corabella,Plenderleith,Female,Georgia
641,Warren,Towe,Male,Wisconsin
642,Vivie,Scarf,Female,New York
643,Ally,Fernandes,Female,California
644,Arne,Blundell,Male,Colorado
645,Felisha,Gow,Female,Kansas
646,Stanford,Bullivant,Male,Virginia
647,Dotty,Binge,Female,Iowa
648,Nappie,Tuffrey,Male,Nebraska
649,Brandie,Cockshot,Female,Texas
650,Merwyn,Gilgryst,Male,Kansas
651,Killian,Spedding,Male,Texas
652,Andreana,Sinfield,Female,Pennsylvania
653,Elliott,Norwell,Male,District of Columbia
654,Lazaro,O'Hartnett,Male,Texas
655,Riannon,Petrusch,Female,Nevada
656,Caresa,Iacobucci,Female,Texas
657,Monroe,Nuschke,Male,Texas
658,Marline,Dunsmuir,Female,New York
659,Lauren,Crighton,Male,Virginia
660,Frasquito,Berge,Male,Texas
661,Dominga,Tallis,Female,Minnesota
662,Brandi,Livett,Female,North Carolina
663,Brina,Esp,Female,California
664,Allianora,Starrs,Female,Florida
665,Tripp,Raine,Male,California
666,Novelia,Coley,Female,Minnesota
667,Araldo,Ladd,Male,Texas
668,Trude,Crutchley,Female,Washington
669,Clayborn,Archbell,Male,California
670,Silvie,Bachmann,Female,California
671,Miguelita,Monshall,Female,Alabama
672,Timothy,Riddell,Male,Illinois
673,Cristin,Millery,Female,Colorado
674,Irina,Rothschild,Female,Florida
675,Martie,Fust,Male,Minnesota
676,Zitella,Battams,Female,North Carolina
677,Oren,Ferretti,Male,Maryland
678,Franklyn,Brazear,Male,Louisiana
679,Dannel,Cakebread,Male,Utah
680,Gretal,Letrange,Female,Pennsylvania
681,Druci,Woolner,Female,Michigan
682,Karel,McGenis,Male,Oregon
683,Rozina,Brodeur,Female,Florida
684,Bertie,Hadlington,Male,Oklahoma
685,Wyatan,Kensington,Male,South Dakota
686,Nerte,Sauvan,Female,Tennessee
687,Bruis,Gerhardt,Male,Ohio
688,Grata,Gynn,Female,Florida
689,Nils,Jest,Male,Alabama
690,Barby,Eddie,Female,Nevada
691,Querida,de Tocqueville,Female,Tennessee
692,Rosco,Presley,Male,Florida
693,Jody,Hansberry,Female,Virginia
694,Braden,Dymock,Male,Kentucky
695,Verla,Bray,Female,California
696,Ansley,Vispo,Female,Pennsylvania
697,Gibb,Sabbins,Male,Missouri
698,Lindy,Hayen,Female,California
699,Renard,Poetz,Male,New York
700,Buckie,Hefforde,Male,Texas
701,Willey,Turbill,Male,Connecticut
702,Shermy,Farries,Male,Illinois
703,Charleen,Stockwell,Female,Pennsylvania
704,Scotti,Dimmer,Male,Massachusetts
705,Laney,Latus,Male,Wisconsin
706,Barry,Gross,Male,Hawaii
707,Goddart,Brayne,Male,Washington
708,Archy,Cottem,Male,Florida
709,Bryon,Stallibrass,Male,Nevada
710,Reinald,Meins,Male,Alabama
711,Diena,Reeson,Female,Delaware
712,Noland,Camidge,Male,Michigan
713,Adrienne,Ternault,Female,Massachusetts
714,Mikol,Tointon,Male,Texas
715,Phillie,McPike,Female,Minnesota
716,Robbyn,Windress,Female,Texas
717,Dyana,Braddick,Female,California
718,Christophorus,Abbott,Male,Iowa
719,Cart,Goulbourn,Male,California
720,Kerrill,Boothby,Female,North Carolina
721,Glynda,Whitlow,Female,Indiana
722,Alethea,Licence,Female,Kentucky
723,Anton,Jacmard,Male,California
724,Kassia,Tuite,Female,Washington
725,Sterne,Pittem,Male,Georgia
726,Siegfried,Fedder,Male,New York
727,Elfrieda,Courcey,Female,Alabama
728,Ricoriki,Whiterod,Male,Florida
729,Alano,Sijmons,Male,Virginia
730,Lyda,Allwright,Female,Wisconsin
731,Winn,Mithan,Male,California
732,Stevana,McCurtin,Female,Oregon
733,Dulcine,Felix,Female,New York
734,Rorie,Kiessel,Female,California
735,Rancell,Duplock,Male,Washington
736,Cyndy,Gate,Female,Arizona
737,Nolana,Ripping,Female,South Dakota
738,Elyse,Gainforth,Female,California
739,Mil,Penzer,Female,Florida
740,Celestia,Tweedlie,Female,Iowa
741,Adoree,Lewis,Female,Pennsylvania
742,Shaine,Baugham,Female,California
743,Pauly,Cunde,Male,Virginia
744,Burty,Doulton,Male,Colorado
745,Terrence,Scorrer,Male,Nevada
746,Danika,Greeve,Female,Michigan
747,Clair,Durno,Male,California
748,Byram,Beetham,Male,Oklahoma
749,Gayle,Wallis,Female,Ohio
750,Kaye,Glassborow,Female,New York
751,Sayer,Cantu,Male,Florida
752,Matthiew,Gino,Male,Oklahoma
753,Clevey,Boston,Male,Idaho
754,Georgeta,Reames,Female,District of Columbia
755,Editha,Beaton,Female,Ohio
756,Ester,Tommen,Female,New York
757,Ruggiero,Heavy,Male,Colorado
758,Tedmund,Vitler,Male,Florida
759,Barnie,Conrath,Male,Georgia
760,Lauretta,Brayn,Female,California
761,Selina,Elion,Female,California
762,Robbie,Katt,Male,Florida
763,Georgy,Turtle,Male,Colorado
764,Bernita,Lindstedt,Female,Texas
765,Hilton,Ormes,Male,North Carolina
766,Berni,Crose,Female,Texas
767,Constantino,Godbolt,Male,California
768,Regan,Beadnell,Male,Virginia
769,Devin,Baytrop,Female,Michigan
770,Tracy,Rosenfrucht,Female,California
771,Wolfy,Gosnall,Male,Florida
772,Shayna,Oughton,Female,Florida
773,Bette-ann,Largent,Female,Florida
774,Tressa,Willcocks,Female,Illinois
775,Lissa,Heffron,Female,Florida
776,Wilek,Adamson,Male,California
777,Osbourn,Oades,Male,Texas
778,Hebert,Hadrill,Male,Virginia
779,Rina,Cardiff,Female,North Carolina
780,Abbe,Biggins,Male,California
781,Kevyn,Haversum,Female,Florida
782,Aldous,Ropartz,Male,California
783,Stepha,Boffey,Female,West Virginia
784,Emmaline,Mapston,Female,Colorado
785,Hortensia,Southerden,Female,California
786,Seth,Harmon,Male,Rhode Island
787,Kattie,Paolone,Female,Louisiana
788,Stanton,Goymer,Male,California
789,Heda,Duer,Female,Michigan
790,Sheila,Wimmers,Female,Florida
791,Jabez,Downing,Male,Louisiana
792,Althea,Dimitrie,Female,California
793,Hobart,Kornacki,Male,West Virginia
794,Marje,Brannon,Female,Florida
795,Rhodia,Fagan,Female,Georgia
796,Ole,Reeve,Male,District of Columbia
797,Luigi,Deegan,Male,Nevada
798,Denis,Capozzi,Male,Louisiana
799,Trude,Langstrath,Female,Washington
800,Silva,Glasman,Female,Kentucky
801,Emelina,Canfer,Female,West Virginia
802,Jan,Brand,Female,New York
803,Cordell,Bang,Male,Missouri
804,Raul,Corthes,Male,Louisiana
805,Mechelle,Warret,Female,New York
806,Wilhelmine,Coddington,Female,Florida
807,Trueman,Malter,Male,Illinois
808,Clari,Baford,Female,Alaska
809,Walker,Marfe,Male,Illinois
810,Stevana,Brogini,Female,Ohio
811,Monroe,Rummin,Male,Florida
812,Aleta,O'Curran,Female,California
813,Aldis,Kellitt,Male,Hawaii
814,Lock,Kirtlan,Male,Kentucky
815,Jenica,Aveling,Female,Arkansas
816,Heidi,Gusney,Female,New York
817,Robers,Antoniades,Male,New Mexico
818,Hedwiga,Preble,Female,Indiana
819,Doreen,Le Breton,Female,Minnesota
820,Maxy,Hosier,Female,Texas
821,Rogers,Paydon,Male,District of Columbia
822,Kayne,Dobbyn,Male,Arizona
823,Parrnell,Spight,Male,Illinois
824,Arleyne,Kempstone,Female,District of Columbia
825,Gianna,Shephard,Female,North Carolina
826,Felike,Francescuzzi,Male,California
827,Laure,McGoon,Female,California
828,Domenico,Gladtbach,Male,Texas
829,Gottfried,Dayly,Male,Florida
830,Veronique,de Villier,Female,Oklahoma
831,Ragnar,Cromarty,Male,Mississippi
832,Selma,Kitt,Female,Florida
833,Shawn,Kimmons,Female,Alaska
834,Lyon,Deaconson,Male,Maryland
835,Sallie,Jardin,Female,New York
836,Britte,Theaker,Female,New Jersey
837,Hansiain,Giovanazzi,Male,California
838,Casey,Ripley,Female,Florida
839,Duncan,McMeanma,Male,Washington
840,Maria,Beese,Female,Florida
841,Michal,Gawn,Male,Kentucky
842,Fanchon,Gater,Female,Ohio
843,Abel,Rowdell,Male,Ohio
844,Donia,Barkes,Female,California
845,Wendall,Edelman,Male,Kentucky
846,Kelbee,Pengelley,Male,Michigan
847,Stanislaw,Ettritch,Male,South Dakota
848,Vernice,Havock,Female,Virginia
849,Hermine,Haslewood,Female,Georgia
850,Oralla,Fayerbrother,Female,California
851,Jeniece,Edes,Female,Ohio
852,Abbot,Motton,Male,California
853,Benedetta,Kempshall,Female,District of Columbia
854,Aila,Taffley,Female,Mississippi
855,Lowell,Manion,Male,Arizona
856,Merlina,Pilgrim,Female,West Virginia
857,Katey,Dartnall,Female,Illinois
858,Sabrina,Birkmyr,Female,Virginia
859,Lazar,Laville,Male,Alabama
860,Tom,Matlock,Male,Nebraska
861,Brien,Damiral,Male,Texas
862,Juliane,Satchel,Female,Washington
863,Ashbey,Garland,Male,Massachusetts
864,Delmer,Loyd,Male,Nevada
865,Denny,Deare,Female,Alabama
866,Libbi,Webb-Bowen,Female,Texas
867,Yolanda,Shufflebotham,Female,Massachusetts
868,Pattie,Spellman,Female,Virginia
869,Hurley,Wild,Male,Kansas
870,Pen,Moulster,Male,South Carolina
871,Derrick,Hurche,Male,Georgia
872,Carmen,MacNair,Female,South Carolina
873,Clayborn,Borrows,Male,Minnesota
874,Madlen,Yter,Female,Pennsylvania
875,Raphael,Birtwell,Male,Florida
876,Isidor,Jensen,Male,New York
877,Kennith,Sagerson,Male,Kentucky
878,Kass,Rackham,Female,Minnesota
879,Elsworth,Symones,Male,Oklahoma
880,Penrod,Keates,Male,District of Columbia
881,Gayle,Snoddy,Female,California
882,Fay,Fumagalli,Female,Ohio
883,Bayard,Howford,Male,Nevada
884,Saxon,Selwin,Male,California
885,Mycah,Foynes,Male,Virginia
886,Bing,De Benedictis,Male,Texas
887,Hallsy,Etridge,Male,North Carolina
888,Stanislaw,Danaher,Male,Iowa
889,Pebrook,Comer,Male,Nevada
890,Virgil,Insall,Male,Nebraska
891,Karoline,Pollitt,Female,Arizona
892,Gerard,Roughan,Male,South Dakota
893,Lyssa,Crowthe,Female,Illinois
894,Page,Matthensen,Male,Connecticut
895,Cathee,Ferrar,Female,Pennsylvania
896,Velma,Passler,Female,Mississippi
897,Torrey,Chinnick,Male,California
898,Lion,Seleway,Male,New York
899,Shina,Tapton,Female,Kentucky
900,Kari,Proback,Female,California
901,Gnni,Cardoo,Female,South Carolina
902,Boot,Jurasek,Male,New Jersey
903,Nappie,Fayerman,Male,Alabama
904,Hazlett,Webby,Male,Texas
905,Edythe,Reidie,Female,Utah
906,Dietrich,Linsley,Male,Florida
907,Eliza,Cotes,Female,Nevada
908,Laughton,Moorerud,Male,California
909,Drusi,Legge,Female,California
910,Clevie,Jouanny,Male,Kentucky
911,Kari,Cleef,Female,Nevada
912,Catlaina,Mapplebeck,Female,Florida
913,Steffane,Childrens,Female,District of Columbia
914,Mateo,Aindriu,Male,Florida
915,Deck,Kenright,Male,Florida
916,Fax,Gerriets,Male,West Virginia
917,Augusta,Carde,Female,Oregon
918,Lynnell,Gunton,Female,West Virginia
919,Barnabas,Smellie,Male,Florida
920,Marlie,Pawel,Female,Florida
921,Elvera,Ivanitsa,Female,Oregon
922,Gwenneth,Davidov,Female,West Virginia
923,Rosmunda,McMeyler,Female,Florida
924,Lavena,Flaherty,Female,North Carolina
925,Julio,Mandrier,Male,Florida
926,Rosalyn,Chorley,Female,California
927,Josefina,Ulyatt,Female,Massachusetts
928,Mahmud,Luke,Male,Iowa
929,Odell,Retchless,Male,Georgia
930,Perri,Deackes,Female,Texas
931,Sayre,Tomalin,Male,California
932,Janeczka,Kerans,Female,Ohio
933,Lezlie,Hannaby,Female,Arizona
934,Eadith,Ayris,Female,Indiana
935,Selena,Adami,Female,Virginia
936,Kiersten,Beton,Female,Kansas
937,Mariam,Beynon,Female,Missouri
938,Zach,Seal,Male,Virginia
939,Jilli,Merrin,Female,Utah
940,Emmye,Ceaser,Female,Arizona
941,Belva,Sandiford,Female,Virginia
942,Jarrett,Lodwick,Male,Arkansas
943,Beatrisa,Dabnor,Female,Texas
944,Melanie,Montez,Female,Florida
945,Jaine,Francklyn,Female,Virginia
946,Kimberli,Dengate,Female,Texas
947,Clem,Martynikhin,Male,Nevada
948,Teddie,Gage,Female,Florida
949,Tamarah,Tildesley,Female,Florida
950,Margery,Lehemann,Female,Georgia
951,Orren,Kenright,Male,Florida
952,Merci,Willan,Female,California
953,Kellie,Iceton,Female,District of Columbia
954,Rebekah,Abramzon,Female,Florida
955,Son,Pevie,Male,South Dakota
956,Theodor,Farnin,Male,Florida
957,Freeland,Giddy,Male,North Carolina
958,Grantley,Sudell,Male,California
959,Constantin,Margeram,Male,Virginia
960,Hubert,Marden,Male,Missouri
961,Alfons,McVeigh,Male,New York
962,Lombard,Skipsey,Male,Michigan
963,Derril,Kenrack,Male,North Carolina
964,Berni,Plumer,Female,North Carolina
965,Thomasin,Bordman,Female,Texas
966,Fransisco,Hoggin,Male,New York
967,Baryram,Leeves,Male,Arizona
968,Maurizio,Rawlings,Male,Arizona
969,Cindra,Aronson,Female,Mississippi
970,Kass,Legrice,Female,New York
971,Engracia,Stearne,Female,Pennsylvania
972,Jeremiah,Spurgeon,Male,Tennessee
973,Aguie,Vallow,Male,Oklahoma
974,Ethelind,Gaddesby,Female,Arizona
975,Tildy,Benbow,Female,Missouri
976,Petronille,Geaveny,Female,California
977,Shanan,McPhillips,Male,California
978,Ronny,Napthine,Male,Nevada
979,Floria,Millhouse,Female,Colorado
980,Kennett,Merrick,Male,Ohio
981,Emmalynne,Garfit,Female,California
982,Felita,Lindermann,Female,Colorado
983,Adair,Ellacombe,Male,Montana
984,Catharine,Jarrell,Female,Virginia
985,Nerita,Holleran,Female,Kentucky
986,Janith,Boswood,Female,Michigan
987,Chad,Iwanczyk,Male,Kansas
988,Osbourn,Pittendreigh,Male,Ohio
989,Auria,Jaggar,Female,Texas
990,Concordia,Gulston,Female,Missouri
991,Eudora,Prandi,Female,Florida
992,Onofredo,End,Male,Florida
993,Lora,Hartley,Female,Oregon
994,Ethel,Ackerley,Female,California
995,Orelie,Fryd,Female,Mississippi
996,Ofella,Cumberlidge,Female,Florida
997,Killian,Pulbrook,Male,Utah
998,Elnar,Sawter,Male,Michigan
999,Freddy,Ahmed,Male,Nevada
1000,Stephenie,Redding,Female,Georgia
